{
    "1": {
        "1": 8.01939574785527,
        "2": 4.33901054339011,
        "3": 4.02713013988978,
        "4": 2.07597173144876,
        "5": 1.2065854758683,
        "6": 1.48384887569911,
        "7": 1.52937087243658,
        "8": 1.6354865278268,
        "9": 1.02870813397129,
        "10": 1.03940053178632,
        "11": 1.40449438202248,
        "12": 1.88281927412361
    }
}